date,sessions,conversions,total_revenue,avg_page_load_ms,bounce_count,conversion_rate,bounce_rate,revenue_per_session,avg_steps,conversion_rate_7d_ma,revenue_per_session_7d_ma,avg_page_load_ms_7d_ma,bounce_rate_7d_ma,conversion_rate_7d_std,revenue_per_session_7d_std,cr_zscore,rps_zscore,cr_anomaly,rps_anomaly
2024-01-01,10200,75,94680.53,1947.3,3625,0.007353,0.355392,9.28,2.312450980392157,0.007352941176470588,9.282404901960785,1947.2813333333336,0.3553921568627451,,,,,False,False
2024-01-02,10090,67,87045.69,1972.4,3455,0.00664,0.342418,8.63,2.3541129831516354,0.0069965895178685945,8.954665781010124,1959.8594426825239,0.34890519636992556,0.0005039573485690864,0.4634931097686582,-0.707,-0.707,False,False
2024-01-03,10268,65,83419.03,1947.4,3671,0.00633,0.357519,8.12,2.317101675107129,0.006774508581318967,8.677835556383066,1955.7144401677806,0.35177629894340967,0.0005243532508954923,0.5807907120492851,-0.847,-0.953,False,False
2024-01-04,10019,71,88997.03,1953.7,3513,0.007087,0.350634,8.88,2.3325681205709152,0.006852515331587588,8.729083075112431,1955.2031796617173,0.35149067315455795,0.0004556728726103829,0.48516368389662473,0.514,0.317,False,False
2024-01-05,10017,75,84740.07,1964.3,3549,0.007487,0.354298,8.46,2.3116701607267647,0.006979466592913078,8.675191587373563,1957.0302805767333,0.3520520773077135,0.0004861187497776772,0.4371033200316043,1.045,-0.493,False,False
2024-01-06,13064,80,91835.01,1960.8,4625,0.006124,0.354026,7.03,2.3165186772810777,0.006836838613098109,8.400930349143207,1957.6573806806518,0.35238111974050623,0.0005577684061193527,0.7772791073224662,-1.279,-1.764,False,False
2024-01-07,13146,89,115899.69,1955.3,4532,0.00677,0.344744,8.82,2.3354632587859423,0.0068273074096056,8.460275501717193,1957.3202979566527,0.3512900523858661,0.000509794634404429,0.7267199865410451,-0.112,0.49,False,False
2024-01-08,10146,71,95474.14,1958.4,3674,0.006998,0.362113,9.41,2.2980484920165583,0.006776577478366398,8.478507315306022,1958.913654831987,0.35225019398242197,0.0004644201396172826,0.7519460454656102,0.476,1.239,False,False
2024-01-09,10040,66,86876.95,1958.9,3436,0.006574,0.342231,8.65,2.341533864541833,0.006767072809797293,8.482243888057916,1956.9754544563693,0.3522234568138655,0.0004683397455230759,0.7528709108306367,-0.413,0.227,False,False
2024-01-10,10071,72,90709.86,1965.7,3573,0.007149,0.354781,9.01,2.3365107735080923,0.006884057621938509,8.60836687905192,1959.5816151968581,0.35183239258851984,0.00044263923487958436,0.756828045573814,0.599,0.527,False,False
2024-01-11,10112,73,89043.17,1965.0,3611,0.007219,0.3571,8.81,2.3155656645569622,0.006903001905828051,8.5973479654032,1961.1996834887416,0.3527562038593115,0.0004554030011055518,0.7527164486668835,0.694,0.277,False,False
2024-01-12,10461,74,97459.31,1954.0,3685,0.007074,0.352261,9.32,2.327502150845999,0.006843947887400867,8.719750442869579,1959.7174914584637,0.3524652158890187,0.00038896712388427,0.79506246561252,0.591,0.75,False,False
2024-01-13,13108,88,115967.0,1967.0,4479,0.006713,0.3417,8.85,2.3584833689350013,0.006928199132622792,8.97938127395472,1960.6077080462312,0.3507042720967458,0.0002437052598590306,0.28300899058419987,-0.881,-0.468,False,False
2024-01-14,13262,98,126411.9,1966.5,4697,0.00739,0.35417,9.53,2.3262705474287437,0.007016686820949447,9.081601514552016,1962.204506148359,0.3520508664135054,0.0002855940997672536,0.33815802991466076,1.306,1.332,False,False
2024-01-15,9982,60,74645.97,1950.6,3526,0.006011,0.353236,7.48,2.3234822680825484,0.006875685080557863,8.805605786898262,1961.090296461774,0.35078267733428187,0.00047637994355626554,0.6603508323947803,-1.815,-2.01,False,True
2024-01-16,10049,72,99049.48,1962.6,3573,0.007165,0.355558,9.86,2.3172454970643845,0.006960140344811399,8.977544035991647,1961.6221328727227,0.3526864903692495,0.0004662165198706079,0.7627659651088464,0.439,1.153,False,False
2024-01-17,10033,59,75045.4,1969.0,3551,0.005881,0.353932,7.48,2.3249277384630718,0.006778905151448666,8.759375525927364,1962.1000040021702,0.3525652003416476,0.0006060645028723848,0.9486733956403907,-1.482,-1.349,False,False
2024-01-18,10053,68,85313.67,1966.9,3416,0.006764,0.339799,8.49,2.3554162936436884,0.006713905785070578,8.713760654757563,1962.3772411693985,0.35009357038053196,0.0005745602311043991,0.9537381272529843,0.087,-0.238,False,False
2024-01-19,10188,62,87756.38,1958.0,3577,0.006086,0.351099,8.61,2.3329407145661563,0.006572719696787702,8.613368862357264,1962.9524457774357,0.3499276495833619,0.0005925046580112207,0.9159635157414937,-0.822,0.0,False,False
2024-01-20,12966,93,114049.0,1958.2,4554,0.007173,0.351226,8.8,2.3249267314514883,0.006638312246038951,8.606078142414264,1961.6908292905657,0.35128858655038464,0.0006346008638777814,0.9139945876087513,0.842,0.208,False,False
2024-01-21,12895,91,106148.46,1960.9,4562,0.007057,0.353781,8.23,2.3208995734780924,0.006590807221727711,8.420344612620797,1960.8926291854991,0.3512329760669243,0.0005790044292381315,0.8219725225105848,0.805,-0.229,False,False
2024-01-22,10068,63,76901.29,1953.4,3557,0.006257,0.353298,7.64,2.3311481922924115,0.006626040060213794,8.443220585359011,1961.2830168171147,0.3512417977806193,0.0005442929652551315,0.7930985345366676,-0.677,-1.015,False,False
2024-01-23,10167,64,78057.64,1961.0,3551,0.006295,0.349267,7.68,2.328513819219042,0.00650175199575555,8.131920373908363,1961.0586737111987,0.3503431506660167,0.0004981139095699545,0.5298028191791567,-0.415,-0.858,False,False
2024-01-24,10162,75,97918.24,1966.5,3514,0.00738,0.345798,9.64,2.3333989372170834,0.006716015264640792,8.439901627808057,1960.7026072322801,0.34918115736974137,0.000508853868291687,0.689978353780909,1.306,1.733,False,False
2024-01-25,9978,59,78223.4,1957.9,3535,0.005913,0.354279,7.84,2.3300260573261173,0.006594423638067659,8.34750133552672,1959.4089417428718,0.35124977876354607,0.0005905653519949388,0.7251290147091592,-1.154,-0.7,False,False
2024-01-26,10065,68,84295.12,1940.0,3526,0.006756,0.350323,8.38,2.3197218082463986,0.006690208574262722,8.313411847954814,1956.8428306363583,0.35113885999132854,0.0005470534872239387,0.7160814862459851,0.12,0.086,False,False
2024-01-27,13155,104,142501.41,1967.4,4710,0.007906,0.358039,10.83,2.3033067274800456,0.00679494200102019,8.604338329652142,1958.1627166929327,0.35211207204866535,0.0007028074356602884,1.1970121723119205,1.581,1.861,False,False
2024-01-28,13045,76,96127.49,1956.0,4552,0.005826,0.348946,7.37,2.328171713300115,0.006619083162652849,8.481075634487953,1957.4605571557393,0.3514214179363764,0.0007764605058628245,1.2831033627964818,-1.021,-0.867,False,False
2024-01-29,10163,74,85887.39,1964.6,3539,0.007281,0.348224,8.45,2.3365148086195022,0.0067653496237972885,8.597189718002324,1959.06162169908,0.35069661409941044,0.0007932380665225759,1.2297829073603765,0.65,-0.119,False,False
2024-01-30,10136,81,99903.81,1965.2,3558,0.007991,0.351026,9.86,2.326065509076559,0.007007698551846016,8.908444848469646,1959.6599980757662,0.3509478724762192,0.0008799509052639368,1.233946580525697,1.118,0.768,False,False
2024-01-31,10120,61,79582.24,1961.0,3525,0.006028,0.34832,7.86,2.332806324110672,0.006814445846463723,8.65532091369465,1958.8758160896111,0.3513081705986405,0.0009314845980245407,1.2416030235346993,-0.845,-0.637,False,False
2024-02-01,10230,70,93293.57,1961.6,3630,0.006843,0.354839,9.12,2.3159335288367546,0.006947247436018557,8.838180766409584,1959.4001970246939,0.3513880698793622,0.0008436757074752789,1.1948182119255948,-0.124,0.236,False,False
2024-02-02,10034,76,103776.02,1956.1,3471,0.007574,0.345924,10.34,2.348116404225633,0.007064127737974519,9.119232722538534,1961.6917662155963,0.35075963527039583,0.0008690695606787513,1.2949216862467117,0.587,0.945,False,False
2024-02-03,13174,84,102601.28,1961.4,4657,0.006376,0.353499,7.79,2.2989221193259453,0.006845621491406712,8.684329045210362,1960.827743862024,0.3501111421714124,0.0008126517606393302,1.1234942117742313,-0.578,-0.798,False,False
2024-02-04,13343,104,137741.62,1959.5,4746,0.007794,0.355692,10.32,2.3290864123510455,0.007126816081223526,9.106360859335068,1961.333189033833,0.35107488030078027,0.0007381682318999867,1.1016681589420034,0.904,1.104,False,False
2024-02-05,9998,68,76577.61,1956.4,3501,0.006801,0.35017,7.66,2.325665133026605,0.007058251181164333,8.993261568091823,1960.1706288398668,0.3513528923558697,0.0007436954700236402,1.2149751935900448,-0.345,-1.098,False,False
2024-02-06,10160,68,88641.84,1956.9,3570,0.006693,0.351378,8.72,2.3148622047244096,0.006872764797112301,8.831583811675818,1958.984524091664,0.35140316478136663,0.0006245690781065086,1.1547942875915826,-0.288,-0.093,False,False
2024-02-07,10144,63,76543.7,1957.5,3530,0.006211,0.347989,7.55,2.3306388012618298,0.006898893345562889,8.78613438928707,1958.4854529721376,0.3513558506224766,0.0005859545632993707,1.20442328344611,-1.175,-1.03,False,False
2024-02-08,10076,80,93921.15,1956.6,3567,0.00794,0.35401,9.32,2.3303890432711394,0.0070556131811107285,8.814943998164365,1957.771797295983,0.3512373960386043,0.0007033437210063896,1.216084772389758,1.257,0.416,False,False
2024-02-09,10160,71,82629.93,1956.0,3531,0.006988,0.347539,8.13,2.3257874015748032,0.0069718905265501825,8.499291057336409,1957.7553790544496,0.3514681833527374,0.0006651631836433749,1.0253216895917727,0.025,-0.357,False,False
2024-02-10,13158,96,125503.23,1956.6,4636,0.007296,0.352333,9.54,2.3300653594771243,0.007103282825950728,8.74929171563299,1957.0688205896938,0.35130159256678833,0.0006169766890686291,1.0363213751534712,0.312,0.761,False,False
2024-02-11,13204,88,121720.61,1967.8,4559,0.006665,0.345274,9.22,2.343532262950621,0.006941896823056256,8.591481377579004,1958.2558237402307,0.3498133120146427,0.000550222991966716,0.8177792067178398,-0.504,0.767,False,False
2024-02-12,10211,66,86251.22,1969.2,3521,0.006464,0.344824,8.45,2.3370874547057094,0.006893647879508716,8.703995621617285,1960.0860836783631,0.34904962275455276,0.0005786733030817199,0.7159947961963873,-0.743,-0.359,False,False
2024-02-13,10225,55,66597.2,1947.7,3612,0.005379,0.353252,6.51,2.3326161369193152,0.006705942125124101,8.38807891346742,1958.76529495666,0.34931732003811355,0.0008181776430748693,1.0936593565224757,-1.622,-1.714,False,False
2024-02-14,10241,67,91680.42,1962.5,3605,0.006542,0.352016,8.95,2.3218435699638706,0.006753336700446484,8.589018915980754,1959.4812486184096,0.34989266941774894,0.0007939497770520363,1.0410459680273416,-0.266,0.349,False,False
2024-02-15,10084,84,116076.37,1960.8,3495,0.00833,0.346589,11.51,2.3408369694565647,0.006809103725029168,8.901829164371671,1960.0911334764883,0.3488325448042066,0.0008980500028322302,1.5176277743203495,1.694,1.719,False,False
2024-02-16,10177,66,75658.45,1962.9,3532,0.006485,0.347057,7.43,2.324751891520094,0.006737249835830858,8.802027949571608,1961.0795344665346,0.3487636475808973,0.0009014485064531828,1.5974929874771415,-0.28,-0.856,False,False
2024-02-17,13218,85,102777.86,1948.4,4743,0.006431,0.358829,7.78,2.3104857013163866,0.006613633160540151,8.550232128391844,1959.9137778887682,0.3496916030649766,0.0008708780249614188,1.601028252097912,-0.21,-0.484,False,False
2024-02-18,13040,102,138134.08,1961.5,4585,0.007822,0.35161,10.59,2.32829754601227,0.006778981562386881,8.746609190583976,1959.0142564327036,0.350596784508148,0.0009846273514106884,1.7718442762060491,1.059,1.042,False,False
2024-02-19,10174,65,82506.68,1960.5,3638,0.006389,0.357578,8.11,2.3068606251228623,0.0067682982218506,8.698419056418079,1957.757222098719,0.3524187746755199,0.0009890153102451054,1.7858861644565327,-0.384,-0.33,False,False
2024-02-20,10049,65,76891.18,1948.0,3488,0.006468,0.347099,7.65,2.349487511195144,0.006923917107404297,8.861054976873096,1957.803107048007,0.35153982897713326,0.0008019931952563081,1.595392493192588,-0.568,-0.758,False,False
2024-02-21,10232,73,89468.73,1955.7,3587,0.007134,0.350567,8.74,2.331411258795934,0.007008509994825489,8.831300713301044,1956.8315380469867,0.3513327496132584,0.0007861080013514832,1.5953495413677252,0.16,-0.055,False,False
2024-02-22,10113,72,77946.34,1950.5,3510,0.00712,0.347078,7.71,2.335607633738752,0.006835584470320453,8.287956963293514,1955.3507024984879,0.3514026586270657,0.0005422779944880908,1.1020156471587328,0.524,-0.527,False,False
2024-02-23,10080,69,88222.61,1953.0,3521,0.006845,0.349306,8.75,2.3239087301587302,0.006887016805070212,8.476240453746621,1953.9338440834767,0.3517238680613487,0.0005201294222202619,1.0428516136258017,-0.08,0.265,False,False
2024-02-24,13176,92,104617.68,1957.6,4554,0.006982,0.345628,7.94,2.3491955069823924,0.0069658407083361944,8.499728994967763,1955.250832251859,0.349838088858126,0.00047967317803761044,1.0261586935561124,0.035,-0.545,False,False
2024-02-25,13322,91,117015.38,1945.4,4619,0.006831,0.34672,8.78,2.333058099384477,0.006824229322005755,8.241231178133708,1952.9448594548899,0.3491394149020031,0.00029586600718322015,0.5080413130788658,0.022,1.068,False,False
2024-02-26,10032,60,72271.33,1958.7,3528,0.005981,0.351675,7.2,2.3293460925039873,0.0067659474592273935,8.111876651919456,1952.6899156538898,0.34829605787208173,0.00041294543867200585,0.6441859866247248,-1.901,-1.409,False,False
2024-02-27,10146,72,84254.41,1954.6,3560,0.007096,0.350877,8.3,2.315592351665681,0.006855674225377474,8.205101601531974,1953.6307302575278,0.34883576917641484,0.00040566623119499766,0.6129401647968961,0.593,0.162,False,False
2024-02-28,10264,71,96922.78,1959.6,3592,0.006917,0.349961,9.44,2.326675759937646,0.006824660093293051,8.304954647106685,1954.1827756917733,0.3487492234246719,0.00038874423045845956,0.7556791736093577,0.239,1.506,False,False
2024-02-29,10135,67,85855.58,1955.8,3558,0.006611,0.351061,8.47,2.3235323137641837,0.006751975195413076,8.414048651562934,1954.9446178991445,0.349318175198516,0.00037160614149103115,0.7087226014407619,-0.38,0.081,False,False
2024-03-01,10230,54,63522.96,1973.5,3586,0.005279,0.350538,6.21,2.3341153470185727,0.006528168664002858,8.050796501607156,1957.8805824658118,0.34949418646323693,0.0006633350294502309,1.0673813564518457,-1.884,-1.725,False,False
2024-03-02,13327,95,111238.25,1960.3,4589,0.007128,0.344339,8.35,2.3320327155398815,0.006549024914724031,8.108912970317771,1958.2659144685563,0.3493099215369286,0.0006820284780824725,1.0714119318494797,0.849,0.222,False,False
2024-03-03,13150,98,121048.61,1967.6,4589,0.007452,0.348973,9.21,2.3309505703422055,0.006637834242957212,8.169141243725507,1961.4347968855307,0.3496318747191323,0.0007607652297885449,1.126114532968509,1.071,0.92,False,False
2024-03-04,10220,80,100671.42,1954.0,3571,0.007828,0.349413,9.85,2.3232876712328765,0.006901681015198258,8.547191606746116,1960.7617100939876,0.34930877110526765,0.0008133935643735074,1.1905003175490414,1.139,1.095,False,False
2024-03-05,10146,71,99951.98,1966.8,3551,0.006998,0.34999,9.85,2.330080820027597,0.006887600871017581,8.768215655632376,1962.5042110091968,0.3491820498076415,0.0008103084915497003,1.27825504012467,0.136,0.847,False,False
2024-03-06,10131,72,90539.45,1978.0,3482,0.007107,0.343698,8.94,2.3475471325634194,0.006914674939172585,8.695914046303715,1965.1336489920427,0.34828726882191935,0.0008146239569613427,1.247674950007818,0.236,0.193,False,False
2024-03-07,10191,65,86905.32,1969.0,3546,0.006378,0.347954,8.53,2.3269551565106465,0.006881449512404378,8.70397932766981,1967.0237612347735,0.34784346829589063,0.0008336074644539687,1.246161775792174,-0.604,-0.141,False,False
2024-03-08,10050,45,50696.17,1963.2,3430,0.004478,0.341294,5.04,2.332636815920398,0.006767023735966083,8.53753890181417,1965.5499518276827,0.3465228822858487,0.0011020465576886567,1.6479087022613519,-2.077,-2.12,True,True
2024-03-09,13221,109,138701.28,1966.5,4613,0.008244,0.348915,10.49,2.3494440662582257,0.006926462820044814,8.84384590636933,1966.423878819969,0.3471766029623324,0.0012356730903041247,1.7989081932617796,1.067,0.916,False,False
2024-03-10,13272,101,123072.05,1963.7,4619,0.00761,0.348026,9.27,2.3295660036166366,0.0069489677550216445,8.853537668469558,1965.876877887816,0.34704125084776566,0.0012482206545922075,1.8013606792847539,0.53,0.233,False,False
2024-03-11,10139,60,71896.92,1970.7,3486,0.005918,0.343821,7.09,2.332182661011934,0.0066761041432344325,8.459350935927763,1968.2729562807374,0.3462423899595962,0.0012327641389679584,1.848153014874428,-0.615,-0.74,False,False
2024-03-12,10203,70,96668.57,1956.9,3546,0.006861,0.347545,9.47,2.3369597177300796,0.006656517797418855,8.405516097749524,1966.8682820111076,0.3458930607958734,0.001227880032991367,1.8058513764243482,0.166,0.592,False,False
2024-03-13,10118,64,79842.36,1960.9,3637,0.006325,0.359458,7.89,2.2957106147459974,0.006544869387159848,8.256123068857622,1964.4290752292738,0.3481446078026958,0.0012155725600728575,1.7978056393153994,-0.181,-0.203,False,False
2024-03-14,10117,80,102999.95,1955.5,3536,0.007907,0.349511,10.18,2.314124740535732,0.006763341620386508,8.492298055543426,1962.5008455253605,0.3483669860021534,0.0013140596789033908,1.942212471139908,0.871,0.869,False,False
2024-03-15,10138,58,64293.42,1950.8,3571,0.005721,0.352239,6.34,2.3327086210297887,0.006940975559868142,8.677645168778087,1960.7293729003225,0.3499306385844355,0.0010001210745173492,1.5879316038058047,-1.22,-1.471,False,False
2024-03-16,13047,97,137082.6,1963.6,4512,0.007435,0.345827,10.51,2.3446769372269487,0.006825289807976733,8.679908972825396,1960.3228775654916,0.34948949876429086,0.000861435207859275,1.5909560269690315,0.707,1.148,False,False
2024-03-17,13085,84,108010.88,1964.5,4569,0.00642,0.349178,8.25,2.3303018723729463,0.006655226716401702,8.534408587294653,1960.435255889482,0.3496541458181226,0.0007956975022114451,1.5741532222483046,-0.296,-0.178,False,False
2024-03-18,10121,63,70460.01,1972.8,3541,0.006225,0.349867,6.96,2.3270427823337614,0.00669907500045903,8.515928344749952,1960.7336436459761,0.3505178207233891,0.0007557376091612213,1.5945482721893476,-0.628,-0.975,False,False
2024-03-19,10100,77,97555.29,1961.5,3547,0.007624,0.351188,9.66,2.328316831683168,0.006808080020337672,8.542273408235591,1961.3790435133922,0.35103828916037016,0.0008339241212694898,1.6144253631953447,0.978,0.692,False,False
2024-03-20,10013,109,136263.7,1959.3,3515,0.010886,0.351044,13.61,2.316888045540797,0.007459578256602516,9.35906740006564,1961.1401744042596,0.34983618234285524,0.0017125324333238355,2.45671228649937,2.001,1.73,True,False
2024-03-21,10087,101,130851.13,1966.6,3587,0.010013,0.355606,12.97,2.311985724199465,0.007760350459489658,9.75783535261517,1962.7264872141566,0.35070696824459147,0.0019698616035816424,2.8130424439683774,1.144,1.143,False,False
2024-03-22,9958,102,116262.24,1969.9,3523,0.010243,0.353786,11.68,2.310905804378389,0.008406346340948938,10.519754677596566,1965.4531083493623,0.35092793972587816,0.001930710438938841,2.4297801341460463,0.951,0.476,False,False
2024-03-23,13162,133,156209.55,1958.5,4701,0.010105,0.357165,11.87,2.3269259990882842,0.008787801766519355,10.714239500214116,1964.7277896688217,0.3525476451323163,0.0019701112015774193,2.482485921237146,0.669,0.465,False,False
2024-03-24,13212,120,167875.19,1947.1,4672,0.009083,0.353618,12.71,2.3273539206781715,0.00916824287333663,11.350197949729026,1962.237312248584,0.35318185577445027,0.0016709911869646373,2.311689473540145,-0.051,0.587,False,False
2024-03-25,10275,100,127082.25,1951.0,3629,0.009732,0.353187,12.37,2.3413138686131387,0.00966933983644039,12.122532025452397,1959.1213672184845,0.3536562463402963,0.0010527152155371821,1.2692335866550697,0.06,0.193,False,False
2024-03-26,10211,98,133397.63,1947.0,3584,0.009597,0.350994,13.06,2.3336597786700617,0.009951301339808432,12.608984978205877,1957.0566691526244,0.35362851880293306,0.0005647292509222165,0.6863611823383983,-0.627,0.663,False,False
2024-03-27,10352,60,73947.94,1962.4,3616,0.005796,0.349304,7.14,2.331626738794436,0.009224177490633515,11.685366325008577,1957.4980359468343,0.3533800672260616,0.0015602273486804668,2.0707828043456202,-2.197,-2.193,True,True
2024-03-28,10065,60,78128.64,1957.1,3573,0.005961,0.354993,7.76,2.3304520615996025,0.008645372345977502,10.941102604854015,1956.1300060040578,0.3532923990260527,0.0019272332539190585,2.43532569909416,-1.393,-1.305,False,False
2024-03-29,10061,71,100372.13,1950.4,3510,0.007057,0.348872,9.98,2.346685220157042,0.008190219760594777,10.698402194648896,1953.3459967119663,0.3525903962745415,0.001862159054283626,2.4346214483115656,-0.609,-0.297,False,False
2024-03-30,13123,92,113422.37,1967.5,4553,0.007011,0.346948,8.64,2.3429093957174425,0.007748183303820064,10.237659122982611,1954.6211061624194,0.3511309022348682,0.001691339081430263,2.481075370843043,-0.436,-0.643,False,False
2024-03-31,13148,92,112007.02,1970.9,4547,0.006997,0.345832,8.52,2.340127776087618,0.0074502704190424025,9.639469621499254,1958.0227102484982,0.3500186368938975,0.0015982062108888975,2.28362176505134,-0.283,-0.491,False,False
2024-04-01,10150,83,95911.68,1967.2,3473,0.008177,0.342167,9.45,2.348669950738916,0.0072281246767787214,9.222515965956996,1960.3324041620065,0.3484443711443054,0.00131026932168373,1.9435062128262306,0.724,0.117,False,False
2024-04-02,10095,70,95640.7,1963.8,3577,0.006934,0.354334,9.47,2.3191679049034177,0.0068476436632130015,8.709652551136296,1962.7280462924914,0.34892148579826193,0.0007916231343100654,1.0105713733447017,0.109,0.756,False,False
2024-04-03,10304,64,76798.67,1950.5,3602,0.006211,0.349573,7.45,2.340547360248447,0.006906957759122181,8.75392954080707,1961.032246514765,0.34895984281837666,0.0007111573218601345,0.9344292878504192,-0.978,-1.392,False,False
2024-04-04,10149,74,87807.66,1955.2,3634,0.007291,0.358065,8.65,2.3133313626958323,0.007096973029360165,8.880993117780971,1960.770512330269,0.3493987407524651,0.0005823991016006829,0.8319893586290593,0.334,-0.275,False,False
2024-04-05,10112,60,75156.87,1972.5,3469,0.005934,0.343058,7.43,2.3417721518987342,0.006936486131444683,8.517576890691961,1963.932552729196,0.3485681509870144,0.0007310728115001329,0.829378419323221,-1.372,-1.308,False,False
2024-04-06,13349,92,119242.43,1958.9,4676,0.006892,0.350288,8.93,2.3186006442430145,0.006919530406431675,8.558957595086191,1962.7083244094442,0.34904533737827487,0.0007304437359480087,0.8437816034068341,-0.038,0.443,False,False
2024-04-07,12999,86,106203.6,1953.2,4541,0.006616,0.349335,8.17,2.33856450496192,0.006865049204901953,8.50912850960316,1960.1789582927242,0.3495456943045362,0.0007378644929992619,0.8567384353154276,-0.338,-0.396,False,False
2024-04-08,10032,68,89121.76,1968.2,3462,0.006778,0.345096,8.88,2.342603668261563,0.0066651877061034565,8.428317281802356,1960.3323579051673,0.3499640094609898,0.0004605193895628204,0.7761518928038414,0.246,0.587,False,False
2024-04-09,10110,73,89858.18,1972.0,3577,0.007221,0.353808,8.89,2.324826904055391,0.006706108832469532,8.344600579872974,1961.5110446918427,0.34988890691147134,0.0004994785227947589,0.6687268598517514,1.03,0.813,False,False
2024-04-10,10160,59,69733.86,1958.5,3529,0.005807,0.347343,6.86,2.338188976377953,0.006648381188176622,8.260355126252463,1962.6526812880254,0.34957026952841136,0.000582642246542217,0.81980766845543,-1.444,-1.704,False,False
2024-04-11,10185,50,66833.13,1958.0,3533,0.004909,0.346883,6.56,2.3466863033873344,0.006308069961370197,7.961792860710076,1963.0487334136883,0.3479728176170142,0.0007997447351707529,1.0115953646893197,-1.749,-1.384,False,False
2024-04-12,10195,73,93635.75,1972.3,3600,0.00716,0.353114,9.18,2.3298675821481116,0.006483331165360735,8.212083439825884,1963.0190723895264,0.3494094631223367,0.0008375246230624459,1.0736372017935958,0.808,0.906,False,False
2024-04-13,13195,89,116021.24,1947.2,4602,0.006745,0.348768,8.79,2.3325502084122776,0.0064623421858807425,8.192102318155404,1961.3444262450137,0.3491923290922605,0.0008273583199730089,1.0591955269362991,0.342,0.567,False,False
2024-04-14,13115,86,103221.04,1947.0,4690,0.006557,0.357606,7.87,2.3112466641250475,0.006453982688581995,8.149290970243404,1960.4598974257622,0.3503739334771319,0.0008258425171992426,1.0662640916044726,0.125,-0.262,False,False
2024-04-15,10030,54,66036.91,1965.9,3480,0.005384,0.346959,6.58,2.3421734795613163,0.006254773980688813,7.820746852539556,1960.1236332262213,0.3506401375988747,0.0008994726112830643,1.1530268209467798,-0.968,-1.073,False,False
2024-04-16,10147,76,97489.08,1967.3,3538,0.00749,0.348674,9.61,2.3195033014684143,0.006293248952510064,7.923550526674466,1959.4498389223693,0.349906762497171,0.0009519022260685103,1.2882043648080235,1.257,1.307,False,False
2024-04-17,10126,66,79002.04,1966.5,3510,0.006518,0.346632,7.8,2.339917045230101,0.006394790118742421,8.057597835476697,1960.5949350161432,0.3498053213085659,0.0009290349626589446,1.205700344779702,0.132,-0.212,False,False
2024-04-18,9940,61,69280.94,1955.6,3510,0.006137,0.353119,6.97,2.3111670020120725,0.006570167369976876,8.115882971921284,1960.2548261745812,0.35069618440565603,0.0006859113991568425,1.128752814310772,-0.632,-1.015,False,False
2024-04-19,10130,66,84744.58,1956.9,3542,0.006515,0.349654,8.37,2.327344521224087,0.006478014277712917,7.99891528117998,1958.0541179776521,0.3502019301066942,0.0006348319040173456,1.0383675665940184,0.059,0.353,False,False
2024-04-20,13128,90,119766.15,1957.0,4658,0.006856,0.354814,9.12,2.333180987202925,0.006493813807655871,8.04607760422945,1959.4563759014407,0.35106559650876534,0.0006438949719153867,1.0868038502767996,0.562,0.991,False,False
2024-04-21,13113,81,90920.51,1958.6,4613,0.006177,0.351788,6.93,2.3216655227636696,0.006439485112621481,7.912243251334917,1961.1158828681384,0.350234526050766,0.0006536086489664968,1.1667763117003869,-0.401,-0.839,False,False
2024-04-22,10134,73,85315.6,1945.0,3586,0.007203,0.353858,8.42,2.327708703374778,0.006699431541343997,8.1743589062029,1958.1342509039562,0.35122012264562713,0.0005098251350628959,1.014841990253918,0.989,0.241,False,False
2024-04-23,10075,63,87201.9,1956.0,3580,0.006253,0.355335,8.66,2.3206947890818856,0.006522746290602217,8.038301800390702,1956.5254177118238,0.35217162300613764,0.00039059325800061063,0.8393181776050866,-0.69,0.735,False,False
2024-04-24,10304,62,72458.28,1966.9,3682,0.006017,0.357337,7.03,2.3004658385093166,0.006451204285965343,7.928323730701441,1956.5840571381048,0.3537008408856998,0.00043497598826595604,0.9218381549869609,-0.998,-0.972,False,False
2024-04-25,10042,67,83362.32,1962.3,3552,0.006672,0.353714,8.3,2.325034853614818,0.0065276552528415145,8.118531270817948,1957.542744830882,0.3537859390640378,0.00041717610392303614,0.8232123732367227,0.346,0.222,False,False
2024-04-26,10118,64,76900.89,1956.3,3569,0.006325,0.352738,7.6,2.3201225538644,0.006500520918176711,8.009202753694284,1957.460711443385,0.35422639671940886,0.0004242310589879637,0.8356398688598435,-0.413,-0.489,False,False
2024-04-27,13178,84,115768.16,1957.9,4566,0.006374,0.346487,8.78,2.329943845803612,0.006431761527054942,7.960917324107527,1957.5893845539067,0.3530367439768938,0.00039509803429632986,0.7675495970853756,-0.146,1.074,False,False
2024-04-28,13198,118,149523.12,1952.0,4589,0.008941,0.347704,11.33,2.340581906349447,0.006826571871959637,8.588861521475229,1956.6447341111705,0.3524533005369434,0.0010062835734077397,1.357985660970329,2.101,2.018,True,True
2024-04-29,10115,67,73434.39,1971.4,3530,0.006624,0.348987,7.26,2.335541275333663,0.006743765092716055,8.423318780518574,1960.4081361313313,0.3517573512067708,0.0009938722357707064,1.4497119333433466,-0.121,-0.802,False,False
2024-04-30,10129,65,77317.68,1958.3,3513,0.006417,0.346826,7.63,2.3197749037417315,0.006767210257324089,8.27732206848313,1960.7348805512142,0.3505417737371288,0.0009822361344950456,1.4737204106176234,-0.356,-0.437,False,False
2024-05-01,10155,77,100290.57,1677.0,3485,0.007582,0.343181,9.88,2.349778434268833,0.006990837534964323,8.683597175497871,1919.3166836392854,0.34851945125730527,0.0009609560990021101,1.465190899606495,0.616,0.814,False,False
2024-05-02,10236,89,121635.22,1663.1,3610,0.008695,0.352677,11.88,2.3255177803829623,0.007279812529764534,9.195270749790703,1876.5677975737792,0.34837122659494735,0.0011370942097904265,1.8769938457559026,1.244,1.432,False,False
2024-05-03,10119,65,71159.62,1662.4,3481,0.006424,0.344006,7.03,2.3395592449846823,0.0072938409436289296,9.114109844503195,1834.5841454007186,0.34712388795765686,0.0011238855720812906,1.9675477383763624,-0.774,-1.058,False,False
2024-05-04,13159,90,100793.39,1663.2,4661,0.006839,0.354206,7.66,2.322288927730071,0.007360293137591562,8.953352342067879,1792.4861733795872,0.3482266991222258,0.0010730537382054263,2.043431067663723,-0.485,-0.633,False,False
2024-05-05,13293,90,119206.9,1662.4,4701,0.00677,0.353645,8.97,2.3212969231926577,0.007050254866999781,8.615983625602462,1751.1102476114945,0.3490753530993723,0.0008252109921416872,1.7612670606770815,-0.339,0.2,False,False
2024-05-06,10108,68,90510.52,1673.0,3464,0.006727,0.342699,8.95,2.3409180846853976,0.007065043249356145,8.858040124656377,1708.4887758877228,0.3481770958006894,0.000817183947903395,1.6572009860481967,-0.413,0.058,False,False
2024-05-07,10111,77,100159.05,1653.2,3493,0.007615,0.345465,9.91,2.3259816041934527,0.007236221879730505,9.182704484153104,1664.8979387032691,0.34798272286902376,0.0007836785911090851,1.598862241083028,0.484,0.452,False,False
2024-05-08,10201,71,93069.35,1665.6,3594,0.00696,0.352318,9.12,2.3091853739829427,0.007147311917154205,9.07521481158957,1663.269639888706,0.3492881087252914,0.000773081627829054,1.5695091404252375,-0.242,0.031,False,False
2024-05-09,9874,71,95279.68,1658.4,3430,0.007191,0.347377,9.65,2.3360340287624064,0.006932426048956894,8.756139251301276,1662.6017267118464,0.3485309833937215,0.0003807549669988825,1.0418924019949725,0.678,0.857,False,False
2024-05-10,10069,79,98472.5,1665.5,3518,0.007846,0.349389,9.78,2.3225742377594596,0.007135612320568687,9.148638065123809,1663.044644017559,0.34929996763441473,0.00043899059852979446,0.7649588790262596,1.618,0.825,False,False
2024-05-11,13221,99,124383.27,1669.9,4615,0.007488,0.349066,9.41,2.3399894107858707,0.007228278269975237,9.398402848831537,1664.0004687835824,0.34856562954356507,0.0004344881051062748,0.39253346789675675,0.598,0.024,False,False
2024-05-12,13074,103,137513.35,1665.5,4535,0.007878,0.346872,10.52,2.3246902248737955,0.0073865283986297575,9.619893311613428,1664.4505793266223,0.34759804071757033,0.0004416330460876583,0.5242786247177375,1.113,1.713,False,False
2024-05-13,10011,60,78024.96,1656.2,3524,0.005993,0.352013,7.79,2.31755069423634,0.007281680194992556,9.454118684733015,1662.0453837683465,0.3489286026520458,0.000658223596082321,0.8512788557063979,-1.957,-1.95,False,False
2024-05-14,10081,80,94785.87,1665.5,3471,0.007936,0.344311,9.4,2.331911516714612,0.0073274305322473,9.382187023602373,1663.8002548154996,0.3487637091471995,0.000695371914176936,0.8276831504968769,0.875,0.024,False,False
2024-05-15,10181,83,109940.01,1665.7,3550,0.008152,0.348689,10.8,2.337000294666536,0.007497764656582769,9.621472120944086,1663.8139268012117,0.3482451853985239,0.0007352854646080373,0.9702868150449117,0.89,1.213,False,False
2024-05-16,10265,71,92739.93,1668.8,3580,0.006917,0.348758,9.03,2.329176814417925,0.007458636896263464,9.533618457696496,1665.2935376828868,0.3484424662101623,0.0007611865693930513,0.9948508157037655,-0.712,-0.502,False,False
2024-05-17,10071,82,101023.51,1655.2,3500,0.008142,0.347533,10.03,2.3364114785026313,0.007500969311443073,9.56952708445821,1663.8199005286729,0.3481772240235608,0.0007938499763743889,1.009642692479014,0.808,0.457,False,False
2024-05-18,13006,106,134656.24,1662.3,4586,0.00815,0.352606,10.35,2.32692603413809,0.007595540374620864,9.704582242063761,1662.731373019102,0.3486830253483171,0.0008306388690485041,1.0469757621599345,0.668,0.62,False,False
2024-05-19,13133,105,125510.82,1660.5,4615,0.007995,0.351405,9.56,2.3275717657808572,0.0076122396853574165,9.567271687473868,1662.0148128655997,0.3493306259665399,0.0008384080628865671,0.9836161091623725,0.457,-0.011,False,False
2024-05-20,9919,71,77616.62,1665.9,3494,0.007158,0.352253,7.83,2.321907450347817,0.007778607168646144,9.571717712952017,1663.4027177142004,0.3493649781665897,0.0005179374558610955,0.9742906097394977,-1.198,-1.793,False,False
2024-05-21,10201,86,104950.66,1666.7,3515,0.008431,0.344574,10.29,2.3353592785021076,0.007849296506112836,9.69826691288162,1663.5711223185474,0.34940254689752653,0.0005737182808055901,1.0056623599550787,1.013,0.587,False,False
2024-05-22,10384,77,98927.05,1646.5,3551,0.007415,0.341968,9.53,2.3459167950693374,0.00774398413699151,9.516599167164614,1660.8263488874443,0.3484425010442224,0.0005764514064730118,0.880897027233961,-0.57,0.012,False,False
2024-05-23,10114,74,97431.21,1669.7,3548,0.007317,0.350801,9.63,2.328356733241052,0.007801110366488226,9.602131259656872,1660.9608704861637,0.3487343517349501,0.0004948419741167986,0.8549796317263966,-0.979,0.036,False,False
2024-05-24,10070,71,90104.59,1658.9,3510,0.007051,0.34856,8.95,2.3369414101290964,0.007645175371317958,9.447373295831893,1661.480744706198,0.3488811460677507,0.0005394230465014387,0.8623967205180444,-1.102,-0.579,False,False
2024-05-25,12961,107,137087.31,1664.5,4566,0.008256,0.352288,10.58,2.324511997531055,0.00766023983730863,9.479303952877984,1661.8001380257288,0.3488355950412544,0.0005570579511956718,0.9046369490522629,1.069,1.213,False,False
2024-05-26,13308,91,115664.3,1658.0,4670,0.006838,0.350917,8.69,2.3272467688608356,0.007494934895206385,9.3556513894692,1661.4363328208203,0.34876586415812844,0.0006102654116501191,0.9502675090064987,-1.076,-0.699,False,False
2024-05-27,10220,79,113655.36,1667.5,3579,0.00773,0.350196,11.12,2.314187866927593,0.007576643703283709,9.82648451074567,1661.6624058400648,0.34847192749818884,0.0005957485612942121,0.8793489389128558,0.257,1.472,False,False
2024-05-28,10131,85,111375.74,1674.8,3560,0.00839,0.351397,10.99,2.317836343894976,0.00757086424591443,9.927239746044181,1662.8291247344478,0.3494465906155747,0.0005862038453963437,0.9761557253784688,1.398,1.092,False,False
2024-05-29,10238,71,86183.43,1656.5,3658,0.006935,0.357296,8.42,2.3265286188708734,0.0075022491023127805,9.768828553411666,1664.2592525856567,0.35163629547268516,0.0006336439755487285,1.1298339346485253,-0.895,-1.196,False,False
2024-05-30,10242,74,86387.2,1661.3,3525,0.007225,0.344171,8.43,2.338312829525483,0.007489186312810018,9.597585875158968,1663.0580930002327,0.35068917979535685,0.0006390289327047181,1.2393325600648928,-0.413,-0.938,False,False
2024-05-31,10135,81,106168.67,1666.0,3587,0.007992,0.353922,10.48,2.3217562900838677,0.0076236807527803345,9.815817905957823,1664.0795442958117,0.3514551759168051,0.0006303619722259245,1.240345861039486,0.584,0.532,False,False
2024-06-01,13153,105,124607.15,1676.1,4544,0.007983,0.345473,9.47,2.3412909602372083,0.007584742727984791,9.658212075499028,1665.738057528578,0.3504815878666219,0.0005920827336486203,1.1968485010966765,0.673,-0.154,False,False
2024-06-02,12995,105,129026.9,1667.9,4525,0.00808,0.348211,9.93,2.3382070026933435,0.007762176813115911,9.835016210936198,1667.1548918261985,0.35009503194056635,0.0005116420756173057,1.1191006775657648,0.621,0.084,False,False
2024-06-03,9989,70,89536.69,1660.4,3526,0.007008,0.352988,8.96,2.332866152768045,0.007659000697079074,9.526823663713511,1666.147830097436,0.35049397371193564,0.0005865622789682045,0.9962841271343772,-1.11,-0.565,False,False
2024-06-04,9999,65,90412.0,1660.4,3476,0.006501,0.347635,9.04,2.3344334433443343,0.007389080731606491,9.248044495894447,1664.0832766388328,0.34995655375309465,0.0006273780365734227,0.7632288654492693,-1.416,-0.27,False,False
2024-06-05,10129,62,75683.12,1677.7,3602,0.006121,0.355613,7.47,2.3178003751604304,0.007272807927314661,9.112891560547325,1667.1113179319932,0.3497160181173213,0.0007819503569883432,0.9859738296725156,-1.473,-1.664,False,False
2024-06-06,10193,62,78276.37,1666.2,3624,0.006083,0.355538,7.68,2.3189443735897184,0.007109587123339157,9.0050089173919,1667.8163009801585,0.35133988298195734,0.0009033734108741794,1.1065071720795956,-1.137,-1.198,False,False
2024-06-07,10142,71,84713.32,1660.6,3535,0.007001,0.348551,8.35,2.3443107868270556,0.006967942128749052,8.70176247207086,1667.0445179936826,0.3505725300455676,0.0008153830849229131,0.9097365888838094,0.04,-0.384,False,False
2024-06-08,13016,83,96609.69,1664.7,4540,0.006377,0.348801,7.42,2.331284572833436,0.006738484613208464,8.408721297053253,1665.4171816853318,0.3510480956643806,0.0006999701492391906,0.9491746959117645,-0.517,-1.039,False,False
2024-06-09,13079,99,129819.35,1663.0,4567,0.007569,0.349186,9.93,2.338634452175243,0.006665535364296799,8.408267100480023,1664.7181334052384,0.35118736241230286,0.000546679242776945,0.9483263706732687,1.653,1.6,False,False
2024-06-10,10151,82,96815.06,1666.9,3599,0.008078,0.354546,9.54,2.322825337405182,0.006818437277216692,8.490261532008983,1665.6422233553565,0.35140994284051175,0.0007645839707058051,1.0259714351979257,1.647,1.021,False,False
2024-06-11,10038,58,71818.26,1665.2,3536,0.005778,0.352261,7.15,2.325762104004782,0.006715207758636793,8.22062355540285,1666.3291876601895,0.35207089186599244,0.000857745901554944,1.1019778222263146,-1.093,-0.967,False,False
2024-06-12,10139,77,97312.89,1667.8,3615,0.007594,0.356544,9.6,2.3053555577473124,0.0069256932899512316,8.524331314102907,1664.9242600758714,0.3522039547775937,0.0008683554105937612,1.1530208367418466,0.77,0.931,False,False
2024-06-13,10100,77,83667.11,1672.7,3546,0.007624,0.351089,8.28,2.3217821782178216,0.007145858528013629,8.610681051622803,1665.8477968604827,0.35156838256597384,0.0008125516775065374,1.100643806460601,0.588,-0.297,False,False
2024-06-14,10156,65,86418.81,1666.0,3561,0.0064,0.35063,8.51,2.3318235525797557,0.007060082234163546,8.633026067565494,1666.6163490470706,0.35186546651150424,0.0008607076393933201,1.0961123991290855,-0.767,-0.113,False,False
2024-06-15,12819,108,150670.09,1663.9,4463,0.008425,0.348155,11.75,2.326936578516265,0.007352686104646183,9.251779577842731,1666.5059751807973,0.3517731246818116,0.0009346703136414061,1.46067541384698,1.147,1.713,False,False
2024-06-16,13112,112,126039.99,1666.6,4639,0.008542,0.353798,9.61,2.3283251982916413,0.007491601495789773,9.207034187304652,1667.0198623682682,0.3524320289714529,0.0010387161437921209,1.4412555291843374,1.011,0.281,False,False
2024-06-17,10095,70,91508.39,1677.8,3632,0.006934,0.359782,9.06,2.3303615651312533,0.007328187772230825,9.139496218501687,1668.5727241034244,0.3531799890026755,0.001020910487415021,1.4342493121922073,-0.386,-0.052,False,False
2024-06-18,10073,81,101148.6,1665.7,3544,0.008041,0.351832,10.04,2.3183758562493795,0.007651509927352392,9.551913113126691,1668.64811959203,0.3531185922102188,0.0007775354548450354,1.1565656782028124,0.501,0.423,False,False
2024-06-19,9942,64,80085.23,1659.0,3461,0.006437,0.348119,8.06,2.327600080466707,0.007486209817461931,9.331536673524623,1667.3890081178329,0.35191502833202654,0.000904346828746171,1.2860671289622547,-1.16,-0.992,False,False
2024-06-20,10056,74,88888.85,1668.1,3583,0.007359,0.356305,8.84,2.333631662688942,0.007448356731096358,9.410895554934415,1666.7376946922523,0.3526601118754985,0.0009031744048770736,1.2263998983123496,-0.099,-0.466,False,False
2024-06-21,10127,81,101660.72,1672.2,3566,0.007998,0.352128,10.04,2.3029525032092426,0.007676679948643901,9.629387493243172,1667.621396148952,0.3528740840702168,0.0007888041290708908,1.1740949396580285,0.408,0.349,False,False
2024-06-22,13136,90,113431.05,1663.3,4629,0.006851,0.35239,8.64,2.328258221680877,0.00745188088885911,9.183883879373765,1667.5345779344902,0.3534791262543019,0.000763832556665767,0.7480777509930544,-0.786,-0.734,False,False
2024-06-23,13071,99,124506.6,1666.6,4530,0.007574,0.346569,9.53,2.3493994338612194,0.00731362732365855,9.171432381324069,1667.5420564507078,0.35244636802125806,0.0006046831513181228,0.7404396204887495,0.431,0.478,False,False
2024-06-24,10200,59,72824.06,1660.1,3620,0.005784,0.354902,7.14,2.3112745098039214,0.007149368455178023,8.89641661055811,1665.0155418415955,0.3517492095144675,0.0008366363336374781,1.0705893756625187,-1.632,-1.641,False,False
2024-06-25,10345,85,112864.9,1660.3,3680,0.008217,0.355727,10.91,2.310198163363944,0.007174401484278939,9.020493067022345,1664.2412281605082,0.3523057488624307,0.0008697384179113786,1.2591496545861565,1.198,1.501,False,False
2024-06-26,10283,80,94262.1,1668.5,3489,0.00778,0.339298,9.17,2.3514538558786344,0.007366186375233044,9.179285414955553,1665.591272250855,0.3510455745117321,0.0008270912193739535,1.18504134235393,0.5,-0.011,False,False
2024-06-27,10098,85,114710.73,1665.7,3483,0.008418,0.34492,11.36,2.345018815607051,0.007517431753208732,9.539337276048583,1665.2476785232554,0.3494191591375981,0.0009173854607980606,1.4234558081205326,0.981,1.279,False,False
2024-06-28,10256,63,78493.95,1657.1,3642,0.006143,0.355109,7.65,2.3181552262090483,0.007252335416731031,9.198606455356925,1663.0912942700857,0.34984504908718833,0.0010178454360743135,1.5626868076797817,-1.09,-0.989,False,False
2024-06-29,12984,121,150251.13,1672.6,4529,0.009319,0.348814,11.57,2.3480437461491066,0.007604872747413673,9.618162607493844,1664.4094097765985,0.3493341272646532,0.0012554615150851681,1.7670758133685969,1.365,1.106,False,False
2024-06-30,13274,110,133670.08,1663.3,4643,0.008287,0.349782,10.07,2.3330571041133044,0.007706709573211487,9.695971237681187,1663.9393914045381,0.3497930969560841,0.001281189799421826,1.7742875131021745,0.453,0.211,False,False
